

{
    "predictions_file": null,
    "N": 616,
    "msttr-100": 0.7002439024390245,
    "msttr-100_nopunct": 0.6930000000000001,
    "total_length": 4138,
    "mean_pred_length": 6.717532467532467,
    "std_pred_length": 2.169314725625581,
    "median_pred_length": 6.0,
    "min_pred_length": 3,
    "max_pred_length": 18,
    "distinct-1": 0.5144997583373611,
    "vocab_size-1": 2129,
    "unique-1": 1606,
    "entropy-1": 10.195691880277518,
    "distinct-2": 0.7819420783645656,
    "vocab_size-2": 2754,
    "unique-2": 2426,
    "entropy-2": 11.175883583309417,
    "cond_entropy-2": 1.1721286147601753,
    "distinct-3": 0.8881624225739848,
    "vocab_size-3": 2581,
    "unique-3": 2410,
    "entropy-3": 11.224272091314589,
    "cond_entropy-3": 0.14031726014725499,
    "total_length-nopunct": 4072,
    "mean_pred_length-nopunct": 6.6103896103896105,
    "std_pred_length-nopunct": 2.064894224867719,
    "median_pred_length-nopunct": 6.0,
    "min_pred_length-nopunct": 3,
    "max_pred_length-nopunct": 17,
    "distinct-1-nopunct": 0.5213654223968566,
    "vocab_size-1-nopunct": 2123,
    "unique-1-nopunct": 1606,
    "entropy-1-nopunct": 10.212998032728068,
    "distinct-2-nopunct": 0.7806712962962963,
    "vocab_size-2-nopunct": 2698,
    "unique-2-nopunct": 2378,
    "entropy-2-nopunct": 11.143237222864967,
    "cond_entropy-2-nopunct": 1.1186224151335995,
    "distinct-3-nopunct": 0.8859154929577465,
    "vocab_size-3-nopunct": 2516,
    "unique-3-nopunct": 2346,
    "entropy-3-nopunct": 11.185312791609386,
    "cond_entropy-3-nopunct": 0.13835846652295355,
    "references_file": null,
    "nubia": 0.7448745791013062,
    "nubia_semsim": 4.788871088585296,
    "nubia_contr": 1.2217952690862857,
    "nubia_neutr": 7.568486926505681,
    "nubia_agree": 91.20971788047487,
    "nubia_perpl": 7.5460243848237125,
    "meteor": 0.37522223973274715,
    "bleurt": 0.0871456851940844,
    "bleu": 29.038083804540175
}
