

{
    "predictions_file": null,
    "N": 616,
    "msttr-100": 0.5860714285714288,
    "msttr-100_nopunct": 0.6383673469387755,
    "total_length": 5601,
    "mean_pred_length": 9.092532467532468,
    "std_pred_length": 2.256205601552821,
    "median_pred_length": 9.0,
    "min_pred_length": 4,
    "max_pred_length": 20,
    "distinct-1": 0.3858239600071416,
    "vocab_size-1": 2161,
    "unique-1": 1665,
    "entropy-1": 8.800305533397028,
    "distinct-2": 0.7293881644934804,
    "vocab_size-2": 3636,
    "unique-2": 3146,
    "entropy-2": 11.395197895132103,
    "cond_entropy-2": 1.9020471774704046,
    "distinct-3": 0.8596932936598765,
    "vocab_size-3": 3756,
    "unique-3": 3431,
    "entropy-3": 11.7378855228658,
    "cond_entropy-3": 0.3991687953609618,
    "total_length-nopunct": 4921,
    "mean_pred_length-nopunct": 7.988636363636363,
    "std_pred_length-nopunct": 2.1715846653256894,
    "median_pred_length-nopunct": 8.0,
    "min_pred_length-nopunct": 3,
    "max_pred_length-nopunct": 18,
    "distinct-1-nopunct": 0.43791912212964845,
    "vocab_size-1-nopunct": 2155,
    "unique-1-nopunct": 1665,
    "entropy-1-nopunct": 9.328951899633646,
    "distinct-2-nopunct": 0.716144018583043,
    "vocab_size-2-nopunct": 3083,
    "unique-2-nopunct": 2658,
    "entropy-2-nopunct": 11.118786046344743,
    "cond_entropy-2-nopunct": 2.089494764486593,
    "distinct-3-nopunct": 0.8476551911087016,
    "vocab_size-3-nopunct": 3127,
    "unique-3-nopunct": 2833,
    "entropy-3-nopunct": 11.461893848833991,
    "cond_entropy-3-nopunct": 0.4615016339427701,
    "references_file": null,
    "bleu": 53.767544433909144,
    "nubia": 0.8744158182261507,
    "nubia_semsim": 4.7151008914043375,
    "nubia_contr": 3.8083188871224865,
    "nubia_neutr": 4.909090710748682,
    "nubia_agree": 91.28259040811969,
    "nubia_perpl": 5.8905794070912645,
    "bleurt": 0.5468066897267452,
    "meteor": 0.4531939518527883
}
