

{
    "predictions_file": null,
    "N": 616,
    "msttr-100": 0.5896363636363637,
    "msttr-100_nopunct": 0.6427083333333333,
    "total_length": 5565,
    "mean_pred_length": 9.034090909090908,
    "std_pred_length": 2.3673523798616958,
    "median_pred_length": 9.0,
    "min_pred_length": 4,
    "max_pred_length": 20,
    "distinct-1": 0.3893980233602875,
    "vocab_size-1": 2167,
    "unique-1": 1682,
    "entropy-1": 8.768536768767362,
    "distinct-2": 0.7308547181248737,
    "vocab_size-2": 3617,
    "unique-2": 3164,
    "entropy-2": 11.341177642183716,
    "cond_entropy-2": 1.8755904592359203,
    "distinct-3": 0.8615278098315255,
    "vocab_size-3": 3733,
    "unique-3": 3446,
    "entropy-3": 11.697846585463978,
    "cond_entropy-3": 0.4077204845078744,
    "total_length-nopunct": 4878,
    "mean_pred_length-nopunct": 7.9188311688311686,
    "std_pred_length-nopunct": 2.2806147918135786,
    "median_pred_length-nopunct": 8.0,
    "min_pred_length-nopunct": 3,
    "max_pred_length-nopunct": 18,
    "distinct-1-nopunct": 0.44259942599425994,
    "vocab_size-1-nopunct": 2159,
    "unique-1-nopunct": 1682,
    "entropy-1-nopunct": 9.29587293000398,
    "distinct-2-nopunct": 0.7217268887846081,
    "vocab_size-2-nopunct": 3076,
    "unique-2-nopunct": 2693,
    "entropy-2-nopunct": 11.066129480350131,
    "cond_entropy-2-nopunct": 2.0707004678190737,
    "distinct-3-nopunct": 0.850246845858475,
    "vocab_size-3-nopunct": 3100,
    "unique-3-nopunct": 2846,
    "entropy-3-nopunct": 11.412375692882877,
    "cond_entropy-3-nopunct": 0.4761190569310008,
    "references_file": null,
    "meteor": 0.42899664868366816,
    "nubia": 0.8226507299587262,
    "nubia_semsim": 4.56598280931448,
    "nubia_contr": 6.371497290508289,
    "nubia_neutr": 8.218053402605939,
    "nubia_agree": 85.41044907670093,
    "nubia_perpl": 5.891316380206641,
    "bleurt": 0.46660878010360257,
    "bleu": 49.51588126986887
}
