

{
    "predictions_file": null,
    "N": 616,
    "msttr-100": 0.5576666666666666,
    "msttr-100_nopunct": 0.6049056603773585,
    "total_length": 6031,
    "mean_pred_length": 9.790584415584416,
    "std_pred_length": 2.4934932823987146,
    "median_pred_length": 9.0,
    "min_pred_length": 5,
    "max_pred_length": 20,
    "distinct-1": 0.35798375062178744,
    "vocab_size-1": 2159,
    "unique-1": 1609,
    "entropy-1": 8.685971503629046,
    "distinct-2": 0.7091412742382271,
    "vocab_size-2": 3840,
    "unique-2": 3254,
    "entropy-2": 11.451947668972602,
    "cond_entropy-2": 2.1521028015100385,
    "distinct-3": 0.8397582829756199,
    "vocab_size-3": 4030,
    "unique-3": 3634,
    "entropy-3": 11.80437895325409,
    "cond_entropy-3": 0.41772823913427853,
    "total_length-nopunct": 5331,
    "mean_pred_length-nopunct": 8.654220779220779,
    "std_pred_length-nopunct": 2.386157668468076,
    "median_pred_length-nopunct": 8.0,
    "min_pred_length-nopunct": 4,
    "max_pred_length-nopunct": 19,
    "distinct-1-nopunct": 0.40386419058338024,
    "vocab_size-1-nopunct": 2153,
    "unique-1-nopunct": 1609,
    "entropy-1-nopunct": 9.162912445548507,
    "distinct-2-nopunct": 0.6933191940615059,
    "vocab_size-2-nopunct": 3269,
    "unique-2-nopunct": 2759,
    "entropy-2-nopunct": 11.178217031112936,
    "cond_entropy-2-nopunct": 2.3263345253895555,
    "distinct-3-nopunct": 0.8275189070505001,
    "vocab_size-3-nopunct": 3392,
    "unique-3-nopunct": 3035,
    "entropy-3-nopunct": 11.539779020726897,
    "cond_entropy-3-nopunct": 0.47471236465783456,
    "references_file": null,
    "meteor": 0.42898830133629023,
    "nubia": 0.8104074668579624,
    "nubia_semsim": 4.55823407776944,
    "nubia_contr": 6.969325583684787,
    "nubia_neutr": 10.79588691318822,
    "nubia_agree": 82.23478745699553,
    "nubia_perpl": 5.819907701634741,
    "bleurt": 0.39936745116583905,
    "bleu": 46.1706368489433
}
