

{
    "predictions_file": null,
    "N": 616,
    "total_length": 6583,
    "mean_pred_length": 10.686688311688311,
    "std_pred_length": 3.2384988415940867,
    "median_pred_length": 10.0,
    "min_pred_length": 2,
    "max_pred_length": 24,
    "distinct-1": 0.3130791432477594,
    "vocab_size-1": 2061,
    "unique-1": 1472,
    "entropy-1": 8.279074952970667,
    "distinct-2": 0.6311379252555723,
    "vocab_size-2": 3766,
    "unique-2": 3078,
    "entropy-2": 11.124135438464862,
    "cond_entropy-2": 2.847442381949259,
    "distinct-3": 0.7852737806017567,
    "vocab_size-3": 4202,
    "unique-3": 3676,
    "entropy-3": 11.780756397895777,
    "cond_entropy-3": 0.7624735192387471,
    "total_length-nopunct": 6061,
    "mean_pred_length-nopunct": 9.839285714285714,
    "std_pred_length-nopunct": 3.159475874489981,
    "median_pred_length-nopunct": 10.0,
    "min_pred_length-nopunct": 1,
    "max_pred_length-nopunct": 21,
    "distinct-1-nopunct": 0.3388879722818017,
    "vocab_size-1-nopunct": 2054,
    "unique-1-nopunct": 1471,
    "entropy-1-nopunct": 8.488667610230722,
    "distinct-2-nopunct": 0.6350780532598714,
    "vocab_size-2-nopunct": 3458,
    "unique-2-nopunct": 2854,
    "entropy-2-nopunct": 10.970549060899977,
    "cond_entropy-2-nopunct": 2.829633052801031,
    "distinct-3-nopunct": 0.7853002070393375,
    "vocab_size-3-nopunct": 3793,
    "unique-3-nopunct": 3332,
    "entropy-3-nopunct": 11.624214017818382,
    "cond_entropy-3-nopunct": 0.7838069309064883,
    "msttr-100": 0.5253846153846154,
    "msttr-100_nopunct": 0.5461666666666667,
    "references_file": null,
    "meteor": 0.3616312065360135,
    "bleu": 31.488524236350763,
    "nubia": 0.6621284761117021,
    "nubia_semsim": 3.982871171135407,
    "nubia_contr": 8.416663482237166,
    "nubia_neutr": 30.061084206313176,
    "nubia_agree": 61.52225214829812,
    "nubia_perpl": 5.372735152383903,
    "bleurt": 0.00024783822961828923
}
