

{
    "predictions_file": null,
    "N": 616,
    "msttr-100": 0.583392857142857,
    "msttr-100_nopunct": 0.6346938775510202,
    "total_length": 5692,
    "mean_pred_length": 9.24025974025974,
    "std_pred_length": 2.3126001411948582,
    "median_pred_length": 9.0,
    "min_pred_length": 4,
    "max_pred_length": 20,
    "distinct-1": 0.3759662684469431,
    "vocab_size-1": 2140,
    "unique-1": 1635,
    "entropy-1": 8.759008129076467,
    "distinct-2": 0.7287234042553191,
    "vocab_size-2": 3699,
    "unique-2": 3178,
    "entropy-2": 11.456899843426106,
    "cond_entropy-2": 2.0224950868838834,
    "distinct-3": 0.8580717488789238,
    "vocab_size-3": 3827,
    "unique-3": 3493,
    "entropy-3": 11.758755882282943,
    "cond_entropy-3": 0.34973399326861476,
    "total_length-nopunct": 4997,
    "mean_pred_length-nopunct": 8.112012987012987,
    "std_pred_length-nopunct": 2.2153797950227347,
    "median_pred_length-nopunct": 8.0,
    "min_pred_length-nopunct": 3,
    "max_pred_length-nopunct": 18,
    "distinct-1-nopunct": 0.42705623374024415,
    "vocab_size-1-nopunct": 2134,
    "unique-1-nopunct": 1635,
    "entropy-1-nopunct": 9.281821473530192,
    "distinct-2-nopunct": 0.717187856653732,
    "vocab_size-2-nopunct": 3142,
    "unique-2-nopunct": 2692,
    "entropy-2-nopunct": 11.190684706897203,
    "cond_entropy-2-nopunct": 2.210221936549991,
    "distinct-3-nopunct": 0.8472775564409031,
    "vocab_size-3-nopunct": 3190,
    "unique-3-nopunct": 2892,
    "entropy-3-nopunct": 11.483255339768645,
    "cond_entropy-3-nopunct": 0.40268329001378617,
    "references_file": null,
    "bleu": 49.46783985039791,
    "bleurt": 0.45215800798848854,
    "nubia": 0.829660852038464,
    "nubia_semsim": 4.599281049006946,
    "nubia_contr": 6.059885749946025,
    "nubia_neutr": 6.772951692378287,
    "nubia_agree": 87.16716253447531,
    "nubia_perpl": 5.9010045911584585,
    "meteor": 0.43498615242427785
}
