

{
    "predictions_file": null,
    "N": 616,
    "msttr-100": 0.5608474576271186,
    "msttr-100_nopunct": 0.61,
    "total_length": 5985,
    "mean_pred_length": 9.715909090909092,
    "std_pred_length": 2.859616974087401,
    "median_pred_length": 9.0,
    "min_pred_length": 3,
    "max_pred_length": 21,
    "distinct-1": 0.35538847117794486,
    "vocab_size-1": 2127,
    "unique-1": 1557,
    "entropy-1": 8.662586820387531,
    "distinct-2": 0.7144719687092569,
    "vocab_size-2": 3836,
    "unique-2": 3239,
    "entropy-2": 11.485454473803214,
    "cond_entropy-2": 2.2262753413045218,
    "distinct-3": 0.8546181359141595,
    "vocab_size-3": 4062,
    "unique-3": 3694,
    "entropy-3": 11.834884588115107,
    "cond_entropy-3": 0.41089226033187193,
    "total_length-nopunct": 5242,
    "mean_pred_length-nopunct": 8.50974025974026,
    "std_pred_length-nopunct": 2.673202016953468,
    "median_pred_length-nopunct": 8.0,
    "min_pred_length-nopunct": 2,
    "max_pred_length-nopunct": 20,
    "distinct-1-nopunct": 0.40442579168256393,
    "vocab_size-1-nopunct": 2120,
    "unique-1-nopunct": 1556,
    "entropy-1-nopunct": 9.191042400385736,
    "distinct-2-nopunct": 0.7027669693039342,
    "vocab_size-2-nopunct": 3251,
    "unique-2-nopunct": 2737,
    "entropy-2-nopunct": 11.213930321925986,
    "cond_entropy-2-nopunct": 2.3321491637475718,
    "distinct-3-nopunct": 0.8458852867830424,
    "vocab_size-3-nopunct": 3392,
    "unique-3-nopunct": 3069,
    "entropy-3-nopunct": 11.562291146610768,
    "cond_entropy-3-nopunct": 0.4589645297926954,
    "references_file": null,
    "bleurt": 0.2653846094723452,
    "nubia": 0.7655083700176255,
    "nubia_semsim": 4.430774462881026,
    "nubia_contr": 7.797371228841623,
    "nubia_neutr": 12.724253010041044,
    "nubia_agree": 79.47837554576789,
    "nubia_perpl": 5.821570356557896,
    "bleu": 42.848509643769134,
    "meteor": 0.40551148003485704
}
