

{
    "predictions_file": null,
    "N": 616,
    "total_length": 6359,
    "mean_pred_length": 10.323051948051948,
    "std_pred_length": 2.745336264484482,
    "median_pred_length": 10.0,
    "min_pred_length": 5,
    "max_pred_length": 22,
    "distinct-1": 0.34376474288410125,
    "vocab_size-1": 2186,
    "unique-1": 1639,
    "entropy-1": 8.472739511789214,
    "distinct-2": 0.7248824656103082,
    "vocab_size-2": 4163,
    "unique-2": 3562,
    "entropy-2": 11.57635202227344,
    "cond_entropy-2": 2.5571640622471272,
    "distinct-3": 0.8671737858396723,
    "vocab_size-3": 4446,
    "unique-3": 4064,
    "entropy-3": 11.988914018456073,
    "cond_entropy-3": 0.4595728862429143,
    "total_length-nopunct": 5647,
    "mean_pred_length-nopunct": 9.167207792207792,
    "std_pred_length-nopunct": 2.5904976197366714,
    "median_pred_length-nopunct": 9.0,
    "min_pred_length-nopunct": 4,
    "max_pred_length-nopunct": 20,
    "distinct-1-nopunct": 0.3856915176199752,
    "vocab_size-1-nopunct": 2178,
    "unique-1-nopunct": 1638,
    "entropy-1-nopunct": 8.8760332138245,
    "distinct-2-nopunct": 0.7159610415424369,
    "vocab_size-2-nopunct": 3602,
    "unique-2-nopunct": 3091,
    "entropy-2-nopunct": 11.330635341796542,
    "cond_entropy-2-nopunct": 2.7727799325434828,
    "distinct-3-nopunct": 0.8568516421291054,
    "vocab_size-3-nopunct": 3783,
    "unique-3-nopunct": 3437,
    "entropy-3-nopunct": 11.743720899658268,
    "cond_entropy-3-nopunct": 0.5201500492332642,
    "msttr-100": 0.5574603174603174,
    "msttr-100_nopunct": 0.6012500000000001,
    "references_file": null,
    "bleurt": 0.4128522669727152,
    "nubia": 0.8593707939070097,
    "nubia_semsim": 4.6566587926505445,
    "nubia_contr": 3.3833361512663105,
    "nubia_neutr": 5.985610437649,
    "nubia_agree": 90.63105337700108,
    "nubia_perpl": 5.64515063127914,
    "bleu": 41.83275345793115,
    "meteor": 0.41640471530584783
}
