

{
    "predictions_file": null,
    "N": 616,
    "total_length": 5959,
    "mean_pred_length": 9.6737012987013,
    "std_pred_length": 2.6184330228579684,
    "median_pred_length": 9.0,
    "min_pred_length": 4,
    "max_pred_length": 22,
    "distinct-1": 0.3621412988756503,
    "vocab_size-1": 2158,
    "unique-1": 1636,
    "entropy-1": 8.57330348294603,
    "distinct-2": 0.7321729365524986,
    "vocab_size-2": 3912,
    "unique-2": 3366,
    "entropy-2": 11.4907375272358,
    "cond_entropy-2": 2.3074886361149862,
    "distinct-3": 0.8669346308440872,
    "vocab_size-3": 4098,
    "unique-3": 3753,
    "entropy-3": 11.860930240327193,
    "cond_entropy-3": 0.4182348350995013,
    "total_length-nopunct": 5262,
    "mean_pred_length-nopunct": 8.542207792207792,
    "std_pred_length-nopunct": 2.478119376691544,
    "median_pred_length-nopunct": 8.0,
    "min_pred_length-nopunct": 3,
    "max_pred_length-nopunct": 20,
    "distinct-1-nopunct": 0.40858988977575067,
    "vocab_size-1-nopunct": 2150,
    "unique-1-nopunct": 1636,
    "entropy-1-nopunct": 9.021017184456667,
    "distinct-2-nopunct": 0.72083512699096,
    "vocab_size-2-nopunct": 3349,
    "unique-2-nopunct": 2873,
    "entropy-2-nopunct": 11.22978823137698,
    "cond_entropy-2-nopunct": 2.5320436451193604,
    "distinct-3-nopunct": 0.854590570719603,
    "vocab_size-3-nopunct": 3444,
    "unique-3-nopunct": 3130,
    "entropy-3-nopunct": 11.595237002562978,
    "cond_entropy-3-nopunct": 0.4801995064540182,
    "msttr-100": 0.5625423728813559,
    "msttr-100_nopunct": 0.606923076923077,
    "references_file": null,
    "bleu": 46.67595219418928,
    "bleurt": 0.45056443781797567,
    "nubia": 0.8588785494822094,
    "nubia_semsim": 4.698887106273081,
    "nubia_contr": 4.507454126667346,
    "nubia_neutr": 5.094144734600861,
    "nubia_agree": 90.39840111923789,
    "nubia_perpl": 5.8458642409993455,
    "meteor": 0.43000450595912915
}
