

{
    "predictions_file": null,
    "N": 616,
    "total_length": 5665,
    "mean_pred_length": 9.196428571428571,
    "std_pred_length": 2.3421713143314644,
    "median_pred_length": 9.0,
    "min_pred_length": 4,
    "max_pred_length": 20,
    "distinct-1": 0.38323036187113857,
    "vocab_size-1": 2171,
    "unique-1": 1657,
    "entropy-1": 8.762351241999472,
    "distinct-2": 0.732620320855615,
    "vocab_size-2": 3699,
    "unique-2": 3203,
    "entropy-2": 11.418111675828179,
    "cond_entropy-2": 1.976405205879547,
    "distinct-3": 0.8630724114595082,
    "vocab_size-3": 3826,
    "unique-3": 3504,
    "entropy-3": 11.756256927885023,
    "cond_entropy-3": 0.39513154516104093,
    "total_length-nopunct": 4983,
    "mean_pred_length-nopunct": 8.089285714285714,
    "std_pred_length-nopunct": 2.2563364188991106,
    "median_pred_length-nopunct": 8.0,
    "min_pred_length-nopunct": 3,
    "max_pred_length-nopunct": 18,
    "distinct-1-nopunct": 0.43447722255669274,
    "vocab_size-1-nopunct": 2165,
    "unique-1-nopunct": 1657,
    "entropy-1-nopunct": 9.278383232745158,
    "distinct-2-nopunct": 0.719716052209755,
    "vocab_size-2-nopunct": 3143,
    "unique-2-nopunct": 2716,
    "entropy-2-nopunct": 11.143166261359983,
    "cond_entropy-2-nopunct": 2.172936499231937,
    "distinct-3-nopunct": 0.8509730738469742,
    "vocab_size-3-nopunct": 3192,
    "unique-3-nopunct": 2900,
    "entropy-3-nopunct": 11.481061555492525,
    "cond_entropy-3-nopunct": 0.45685001662693925,
    "msttr-100": 0.5857142857142857,
    "msttr-100_nopunct": 0.6363265306122451,
    "references_file": null,
    "nubia": 0.8720247799128865,
    "nubia_semsim": 4.706002451382674,
    "nubia_contr": 3.6028843176987344,
    "nubia_neutr": 5.033622219286974,
    "nubia_agree": 91.36349340619567,
    "nubia_perpl": 5.868280239306487,
    "bleu": 52.37901138504813,
    "bleurt": 0.5375516348421671,
    "meteor": 0.44965708372186824
}
