

{
    "predictions_file": null,
    "N": 616,
    "total_length": 5670,
    "mean_pred_length": 9.204545454545455,
    "std_pred_length": 2.250623028000836,
    "median_pred_length": 9.0,
    "min_pred_length": 5,
    "max_pred_length": 20,
    "distinct-1": 0.37918871252204583,
    "vocab_size-1": 2150,
    "unique-1": 1694,
    "entropy-1": 8.615958061811082,
    "distinct-2": 0.7188365650969529,
    "vocab_size-2": 3633,
    "unique-2": 3207,
    "entropy-2": 11.250829770653919,
    "cond_entropy-2": 1.9739028011437885,
    "distinct-3": 0.8517350157728707,
    "vocab_size-3": 3780,
    "unique-3": 3502,
    "entropy-3": 11.678345737258413,
    "cond_entropy-3": 0.5051079701796526,
    "total_length-nopunct": 4988,
    "mean_pred_length-nopunct": 8.097402597402597,
    "std_pred_length-nopunct": 2.176526126829741,
    "median_pred_length-nopunct": 8.0,
    "min_pred_length-nopunct": 4,
    "max_pred_length-nopunct": 18,
    "distinct-1-nopunct": 0.4296311146752205,
    "vocab_size-1-nopunct": 2143,
    "unique-1-nopunct": 1693,
    "entropy-1-nopunct": 9.11069339398909,
    "distinct-2-nopunct": 0.7028819762122598,
    "vocab_size-2-nopunct": 3073,
    "unique-2-nopunct": 2704,
    "entropy-2-nopunct": 10.952101060417082,
    "cond_entropy-2-nopunct": 2.1738700943843945,
    "distinct-3-nopunct": 0.8349307774227902,
    "vocab_size-3-nopunct": 3136,
    "unique-3-nopunct": 2880,
    "entropy-3-nopunct": 11.383322481050719,
    "cond_entropy-3-nopunct": 0.5880450951005736,
    "msttr-100": 0.6114285714285715,
    "msttr-100_nopunct": 0.6622448979591838,
    "references_file": null,
    "bleu": 42.623176672739916,
    "bleurt": 0.2427597754550251,
    "meteor": 0.3848330364475162,
    "nubia": 0.6049362200823211,
    "nubia_semsim": 3.8512830989701405,
    "nubia_contr": 18.320441937466022,
    "nubia_neutr": 24.60978758431988,
    "nubia_agree": 57.06977035352592,
    "nubia_perpl": 5.672871521154008
}
