

{
    "predictions_file": null,
    "N": 616,
    "msttr-100": 0.5618032786885245,
    "msttr-100_nopunct": 0.6027777777777777,
    "total_length": 6173,
    "mean_pred_length": 10.021103896103897,
    "std_pred_length": 2.404245990204287,
    "median_pred_length": 10.0,
    "min_pred_length": 5,
    "max_pred_length": 23,
    "distinct-1": 0.353474809654949,
    "vocab_size-1": 2182,
    "unique-1": 1656,
    "entropy-1": 8.70301362426159,
    "distinct-2": 0.6827424869533921,
    "vocab_size-2": 3794,
    "unique-2": 3212,
    "entropy-2": 11.333882024641467,
    "cond_entropy-2": 2.0336707607603177,
    "distinct-3": 0.8107670512042097,
    "vocab_size-3": 4006,
    "unique-3": 3560,
    "entropy-3": 11.76416509074816,
    "cond_entropy-3": 0.5068736321334532,
    "total_length-nopunct": 5487,
    "mean_pred_length-nopunct": 8.907467532467532,
    "std_pred_length-nopunct": 2.304613402993558,
    "median_pred_length-nopunct": 9.0,
    "min_pred_length-nopunct": 4,
    "max_pred_length-nopunct": 22,
    "distinct-1-nopunct": 0.3965737197011117,
    "vocab_size-1-nopunct": 2176,
    "unique-1-nopunct": 1656,
    "entropy-1-nopunct": 9.14891286054785,
    "distinct-2-nopunct": 0.6633134879901458,
    "vocab_size-2-nopunct": 3231,
    "unique-2-nopunct": 2708,
    "entropy-2-nopunct": 11.05515204216708,
    "cond_entropy-2-nopunct": 2.2108726898152784,
    "distinct-3-nopunct": 0.7955346650998825,
    "vocab_size-3-nopunct": 3385,
    "unique-3-nopunct": 2976,
    "entropy-3-nopunct": 11.503487569386122,
    "cond_entropy-3-nopunct": 0.577920786928716,
    "references_file": null,
    "nubia": 0.815197798554339,
    "nubia_semsim": 4.5687792697897205,
    "nubia_contr": 4.482056733907591,
    "nubia_neutr": 11.736939258003371,
    "nubia_agree": 83.78100406335324,
    "nubia_perpl": 5.872037044980309,
    "bleu": 45.17507311265169,
    "meteor": 0.43127062625669377,
    "bleurt": 0.4317947195165537
}
