

{
    "predictions_file": null,
    "N": 616,
    "msttr-100": 0.6120000000000001,
    "msttr-100_nopunct": 0.6714583333333333,
    "total_length": 5508,
    "mean_pred_length": 8.941558441558442,
    "std_pred_length": 2.3060817755828813,
    "median_pred_length": 9.0,
    "min_pred_length": 5,
    "max_pred_length": 20,
    "distinct-1": 0.38471314451706606,
    "vocab_size-1": 2119,
    "unique-1": 1683,
    "entropy-1": 8.592155928781478,
    "distinct-2": 0.7330335241210139,
    "vocab_size-2": 3586,
    "unique-2": 3198,
    "entropy-2": 11.242286162811602,
    "cond_entropy-2": 1.965297562473209,
    "distinct-3": 0.8713751169317119,
    "vocab_size-3": 3726,
    "unique-3": 3492,
    "entropy-3": 11.67418378326059,
    "cond_entropy-3": 0.5088030799728517,
    "total_length-nopunct": 4826,
    "mean_pred_length-nopunct": 7.834415584415584,
    "std_pred_length-nopunct": 2.2182501548219298,
    "median_pred_length-nopunct": 8.0,
    "min_pred_length-nopunct": 3,
    "max_pred_length-nopunct": 18,
    "distinct-1-nopunct": 0.4378367177786987,
    "vocab_size-1-nopunct": 2113,
    "unique-1-nopunct": 1683,
    "entropy-1-nopunct": 9.107035143412082,
    "distinct-2-nopunct": 0.7187648456057008,
    "vocab_size-2-nopunct": 3026,
    "unique-2-nopunct": 2699,
    "entropy-2-nopunct": 10.937161352304956,
    "cond_entropy-2-nopunct": 2.1674892944749327,
    "distinct-3-nopunct": 0.8586533110740122,
    "vocab_size-3-nopunct": 3086,
    "unique-3-nopunct": 2879,
    "entropy-3-nopunct": 11.377637718779694,
    "cond_entropy-3-nopunct": 0.5965649358568593,
    "references_file": null,
    "nubia": 0.6438590294696419,
    "nubia_semsim": 3.9837906550277364,
    "nubia_contr": 15.269704616064276,
    "nubia_neutr": 19.05911010508607,
    "nubia_agree": 65.67118531024494,
    "nubia_perpl": 5.69627030600201,
    "meteor": 0.38468853583722445,
    "bleu": 42.63460992563544,
    "bleurt": 0.2535470885333496
}
